-- phpMyAdmin SQL Dump
-- version 5.1.1
-- https://www.phpmyadmin.net/
--
-- Gép: 127.0.0.1
-- Létrehozás ideje: 2023. Dec 19. 11:54
-- Kiszolgáló verziója: 10.4.20-MariaDB
-- PHP verzió: 7.3.29

SET SQL_MODE = "NO_AUTO_VALUE_ON_ZERO";
START TRANSACTION;
SET time_zone = "+00:00";


/*!40101 SET @OLD_CHARACTER_SET_CLIENT=@@CHARACTER_SET_CLIENT */;
/*!40101 SET @OLD_CHARACTER_SET_RESULTS=@@CHARACTER_SET_RESULTS */;
/*!40101 SET @OLD_COLLATION_CONNECTION=@@COLLATION_CONNECTION */;
/*!40101 SET NAMES utf8mb4 */;

--
-- Adatbázis: `tovabbtanulas_11c_szf`
--

-- --------------------------------------------------------

--
-- Tábla szerkezet ehhez a táblához `altalanos_iskola`
--

CREATE TABLE `altalanos_iskola` (
  `id_altalanos_iskola` tinyint(3) UNSIGNED NOT NULL,
  `altalanos_iskola_neve` varchar(255) COLLATE utf8_hungarian_ci NOT NULL,
  `altalanos_iskola_cime` varchar(255) COLLATE utf8_hungarian_ci NOT NULL
) ENGINE=InnoDB DEFAULT CHARSET=utf8 COLLATE=utf8_hungarian_ci;

--
-- A tábla adatainak kiíratása `altalanos_iskola`
--

INSERT INTO `altalanos_iskola` (`id_altalanos_iskola`, `altalanos_iskola_neve`, `altalanos_iskola_cime`) VALUES
(1, 'Csillagvár Általános Iskola', 'Kocka u. 14.'),
(2, 'Napsugár Általános Iskola', 'Gyöngyvirág u. 4.'),
(3, 'Tóparti Általános Iskola', 'Strand út 23.'),
(4, 'Arany János Általános Iskola', 'Ezüst u. 13. ');

-- --------------------------------------------------------

--
-- Tábla szerkezet ehhez a táblához `jelentkezes`
--

CREATE TABLE `jelentkezes` (
  `id_jelentkezes` tinyint(3) UNSIGNED NOT NULL,
  `tanulo_id` tinyint(3) UNSIGNED NOT NULL,
  `kozepiskola_id` tinyint(3) UNSIGNED NOT NULL,
  `felveve` tinyint(1) NOT NULL
) ENGINE=InnoDB DEFAULT CHARSET=utf8 COLLATE=utf8_hungarian_ci;

--
-- A tábla adatainak kiíratása `jelentkezes`
--

INSERT INTO `jelentkezes` (`id_jelentkezes`, `tanulo_id`, `kozepiskola_id`, `felveve`) VALUES
(1, 1, 1, 1),
(2, 1, 2, 0),
(3, 2, 1, 0),
(4, 2, 3, 1),
(5, 2, 4, 0),
(6, 3, 1, 0),
(7, 3, 2, 0),
(8, 4, 3, 0),
(9, 4, 4, 1),
(10, 5, 5, 1),
(11, 5, 4, 0),
(12, 6, 2, 0),
(13, 6, 1, 1),
(14, 6, 5, 0),
(15, 3, 5, 1),
(16, 1, 5, 0);

-- --------------------------------------------------------

--
-- Tábla szerkezet ehhez a táblához `kozepiskola`
--

CREATE TABLE `kozepiskola` (
  `id_kozepiskola` tinyint(3) UNSIGNED NOT NULL,
  `kozepiskola_neve` varchar(255) COLLATE utf8_hungarian_ci NOT NULL,
  `kozepiskola_cime` varchar(255) COLLATE utf8_hungarian_ci NOT NULL
) ENGINE=InnoDB DEFAULT CHARSET=utf8 COLLATE=utf8_hungarian_ci;

--
-- A tábla adatainak kiíratása `kozepiskola`
--

INSERT INTO `kozepiskola` (`id_kozepiskola`, `kozepiskola_neve`, `kozepiskola_cime`) VALUES
(1, 'Zengő Gimnázium', 'Zerge u. 13.'),
(2, 'Dobogókő Szakközépiskola', 'Sziklás u. 44.'),
(3, 'Kékes Gimnázium', 'Havas út 51.'),
(4, 'Baradla Gimnázium', 'Köves tér 3.'),
(5, 'Kandó Kálmán Szakközépiskola', ' Palóczy László utca 3.');

-- --------------------------------------------------------

--
-- Tábla szerkezet ehhez a táblához `tanulo`
--

CREATE TABLE `tanulo` (
  `id_tanulo` tinyint(3) UNSIGNED NOT NULL,
  `tanulo_neve` varchar(255) COLLATE utf8_hungarian_ci NOT NULL,
  `id_alt_isk` tinyint(3) UNSIGNED NOT NULL
) ENGINE=InnoDB DEFAULT CHARSET=utf8 COLLATE=utf8_hungarian_ci;

--
-- A tábla adatainak kiíratása `tanulo`
--

INSERT INTO `tanulo` (`id_tanulo`, `tanulo_neve`, `id_alt_isk`) VALUES
(1, 'Alföldi Noémi', 1),
(2, 'Nagy Virág', 1),
(3, 'Tóth Aladár', 2),
(4, 'Végső Albert', 3),
(5, 'Gipsz Jakab', 1),
(6, 'Mek Elek', 4);

--
-- Indexek a kiírt táblákhoz
--

--
-- A tábla indexei `altalanos_iskola`
--
ALTER TABLE `altalanos_iskola`
  ADD PRIMARY KEY (`id_altalanos_iskola`);

--
-- A tábla indexei `jelentkezes`
--
ALTER TABLE `jelentkezes`
  ADD PRIMARY KEY (`id_jelentkezes`),
  ADD KEY `tanulo_id` (`tanulo_id`,`kozepiskola_id`),
  ADD KEY `kozepiskola_id` (`kozepiskola_id`);

--
-- A tábla indexei `kozepiskola`
--
ALTER TABLE `kozepiskola`
  ADD PRIMARY KEY (`id_kozepiskola`);

--
-- A tábla indexei `tanulo`
--
ALTER TABLE `tanulo`
  ADD PRIMARY KEY (`id_tanulo`),
  ADD KEY `id_alt_isk` (`id_alt_isk`);

--
-- A kiírt táblák AUTO_INCREMENT értéke
--

--
-- AUTO_INCREMENT a táblához `altalanos_iskola`
--
ALTER TABLE `altalanos_iskola`
  MODIFY `id_altalanos_iskola` tinyint(3) UNSIGNED NOT NULL AUTO_INCREMENT, AUTO_INCREMENT=5;

--
-- AUTO_INCREMENT a táblához `jelentkezes`
--
ALTER TABLE `jelentkezes`
  MODIFY `id_jelentkezes` tinyint(3) UNSIGNED NOT NULL AUTO_INCREMENT, AUTO_INCREMENT=40;

--
-- AUTO_INCREMENT a táblához `kozepiskola`
--
ALTER TABLE `kozepiskola`
  MODIFY `id_kozepiskola` tinyint(3) UNSIGNED NOT NULL AUTO_INCREMENT, AUTO_INCREMENT=6;

--
-- AUTO_INCREMENT a táblához `tanulo`
--
ALTER TABLE `tanulo`
  MODIFY `id_tanulo` tinyint(3) UNSIGNED NOT NULL AUTO_INCREMENT, AUTO_INCREMENT=7;

--
-- Megkötések a kiírt táblákhoz
--

--
-- Megkötések a táblához `jelentkezes`
--
ALTER TABLE `jelentkezes`
  ADD CONSTRAINT `jelentkezes_ibfk_1` FOREIGN KEY (`kozepiskola_id`) REFERENCES `kozepiskola` (`id_kozepiskola`),
  ADD CONSTRAINT `jelentkezes_ibfk_2` FOREIGN KEY (`tanulo_id`) REFERENCES `tanulo` (`id_tanulo`);

--
-- Megkötések a táblához `tanulo`
--
ALTER TABLE `tanulo`
  ADD CONSTRAINT `tanulo_ibfk_1` FOREIGN KEY (`id_alt_isk`) REFERENCES `altalanos_iskola` (`id_altalanos_iskola`);
COMMIT;

/*!40101 SET CHARACTER_SET_CLIENT=@OLD_CHARACTER_SET_CLIENT */;
/*!40101 SET CHARACTER_SET_RESULTS=@OLD_CHARACTER_SET_RESULTS */;
/*!40101 SET COLLATION_CONNECTION=@OLD_COLLATION_CONNECTION */;
